province,district,2000,2001,2002,2003,2004,2005,2006,2007
adana,aladag,23579,22820,22061,21302,20163,19024,18265,17506
adana,ceyhan,178543,176033,173522,171012,167246,163480,160970,158459
adana,feke,20890,20715,20540,20365,20102,19839,19664,19489
adana,imamoglu,43361,41895,40428,38962,36762,34562,33096,31629
adana,karaisali,35122,34324,33527,32729,31532,30336,29538,28740
adana,karatas,32375,31014,29653,28291,26250,24208,22846,21485
adana,kozan,130875,130013,129151,128289,126997,125704,124842,123980
adana,pozanti,21756,21524,21291,21059,20710,20361,20129,19896
adana,saimbeyli,17149,17227,17306,17384,17501,17619,17697,17775
adana,seyhan,849283,869122,888960,908799,938557,968315,988153,1007992
adana,tufanbeyli,20171,19935,19698,19462,19107,18752,18516,18279
adana,yumurtalik,22575,22148,21720,21293,20652,20010,19583,19155
adana,yuregir,453799,462357,470916,479474,492311,505149,513707,522265
adiyaman,besni,108667,105142,101617,98092,92806,87518,83993,80468
adiyaman,celikhan,20271,19681,19090,18500,17614,16728,16138,15547
adiyaman,gerger,27208,27033,26859,26684,26423,26160,25986,25811
adiyaman,golbasi,52988,52275,51562,50849,49780,48710,47997,47284
adiyaman,kahta,114994,115077,115160,115243,115368,115492,115575,115658
adiyaman,merkez,249530,250152,250774,251396,252329,253261,253883,254505
adiyaman,samsat,12541,12268,11995,11722,11312,10902,10629,10356
adiyaman,sincik,21828,21766,21705,21643,21551,21458,21397,21335
adiyaman,tut,15784,15286,14788,14289,13542,12795,12296,11798
afyonkarahisar,basmakci,15084,14615,14145,13676,12972,12268,11798,11329
afyonkarahisar,bayat,8753,8820,8887,8953,9054,9154,9220,9287
afyonkarahisar,bolvadin,79888,75717,71546,67375,61119,54862,50691,46520
afyonkarahisar,cay,45635,44415,43195,41975,40146,38316,37096,35876
afyonkarahisar,cobanlar,12364,12455,12546,12637,12774,12910,13001,13092
afyonkarahisar,dazkiri,15620,15063,14506,13949,13115,12279,11722,11165
afyonkarahisar,dinar,88304,83555,78806,74057,66933,59809,55060,50311
afyonkarahisar,emirdag,47396,47246,47097,46947,46723,46498,46349,46199
afyonkarahisar,evciler,9486,9376,9267,9157,8993,8828,8719,8609
afyonkarahisar,hocalar,12824,12681,12539,12396,12183,11968,11826,11683
afyonkarahisar,ihsaniye,33220,32886,32553,32219,31718,31218,30884,30550
afyonkarahisar,iscehisar,21978,22245,22512,22779,23180,23580,23847,24114
afyonkarahisar,kiziloren,4132,3977,3821,3666,3433,3200,3044,2889
afyonkarahisar,merkez,201110,205322,209534,213746,220065,226383,230595,234807
afyonkarahisar,sandikli,76618,74771,72924,71077,68308,65537,63690,61843
afyonkarahisar,sincanli,58536,56550,54565,52579,49601,46622,44637,42651
afyonkarahisar,suhut,59284,56974,54663,52353,48887,45421,43111,40800
afyonkarahisar,sultandagi,22184,21892,21600,21308,20870,20431,20139,19847
agri,diyadin,40768,41414,42060,42706,43676,44645,45291,45937
agri,dogubeyazit,105754,106447,107140,107833,108874,109913,110606,111299
agri,eleskirt,48892,47889,46886,45883,44378,42873,41870,40867
agri,hamur,22052,22142,22232,22321,22456,22591,22680,22770
agri,merkez,119743,121474,123205,124936,127534,130130,131861,133592
agri,patnos,135100,133273,131445,129618,126877,124135,122308,120480
agri,taslicay,21839,21948,22058,22167,22332,22495,22605,22714
agri,tutak,34596,34424,34252,34080,33822,33564,33392,33220
aksaray,agacoren,15869,15369,14869,14369,13620,12870,12370,11870
aksaray,eskil,28952,28619,28286,27952,27453,26953,26619,26286
aksaray,gulagac,26874,26253,25632,25011,24080,23148,22527,21906
aksaray,guzelyurt,16836,16505,16174,15843,15347,14850,14519,14188
aksaray,merkez,236560,237495,238429,239364,240766,242167,243102,244036
aksaray,ortakoy,58873,56574,54274,51975,48526,45076,42777,40477
aksaray,sariyahsi,12120,11523,10927,10330,9435,8540,7943,7346
amasya,goynucek,17614,17090,16567,16043,15258,14472,13949,13425
amasya,gumushacikoy,29795,29275,28754,28234,27454,26673,26152,25632
amasya,hamamozu,6161,6049,5937,5825,5657,5488,5376,5264
amasya,merkez,133207,133137,133067,132997,132892,132786,132716,132646
amasya,merzifon,67281,67508,67734,67961,68301,68640,68867,69093
amasya,suluova,54123,53286,52449,51612,50358,49102,48265,47428
amasya,tasova,57050,54317,51584,48851,44752,40652,37919,35186
ankara,akyurt,18907,19463,20019,20575,21409,22242,22798,23354
ankara,altindag,407101,402555,398010,393464,386645,379827,375281,370735
ankara,ayas,21239,20229,19219,18209,16694,15179,14169,13159
ankara,bala,39714,37688,35662,33636,30597,27557,25531,23505
ankara,beypazari,51841,51221,50602,49982,49053,48123,47504,46884
ankara,camlidere,15339,14588,13837,13085,11959,10832,10080,9329
ankara,cankaya,769331,772188,775046,777903,782189,786475,789332,792189
ankara,cubuk,75119,76207,77296,78384,80017,81649,82738,83826
ankara,elmadag,43374,43954,44534,45114,45984,46853,47433,48013
ankara,etimesgut,171293,186082,200870,215659,237842,260024,274813,289601
ankara,evren,6167,5900,5632,5365,4964,4562,4295,4027
ankara,golbasi,62602,63986,65369,66753,68828,70903,72287,73670
ankara,gudul,20938,19655,18373,17090,15166,13242,11959,10676
ankara,haymana,54087,52240,50393,48546,45775,43004,41157,39310
ankara,kalecik,24738,23772,22805,21839,20390,18940,17973,17007
ankara,kazan,29692,30499,31306,32113,33323,34533,35340,36147
ankara,kecioren,672817,694157,715497,736836,768846,800856,822195,843535
ankara,kizilcahamam,33623,32581,31539,30497,28935,27372,26330,25288
ankara,mamak,430606,439738,448870,458002,471701,485399,494531,503663
ankara,nallihan,40677,39563,38450,37336,35666,33995,32882,31768
ankara,polatli,116400,116657,116914,117170,117556,117941,118197,118454
ankara,sincan,289783,257911,226039,194167,146360,98552,66680,34808
ankara,skochisar,59128,103366,147604,191841,258198,324555,368792,413030
ankara,yenimahalle,553344,561023,568703,576382,587901,599420,607099,614778
antalya,akseki,42467,38861,35256,31650,26241,20833,17227,13621
antalya,alanya,257671,253742,249812,245883,239989,234095,230165,226236
antalya,elmali,40041,38137,36233,34329,31473,28617,26713,24809
antalya,finike,42087,41353,40619,39884,38783,37682,36947,36213
antalya,gazipasa,44541,44635,44730,44824,44966,45107,45202,45296
antalya,gundogmus,21513,24786,28060,31333,36243,41153,44426,47699
antalya,ibradi,10826,10654,10481,10309,10050,9791,9619,9446
antalya,kale,22170,19985,17801,15616,12340,9062,6878,4693
antalya,kas,47519,47783,48047,48310,48706,49102,49365,49629
antalya,kemer,55092,52350,49607,46865,42752,38638,35895,33153
antalya,korkuteli,51580,51152,50725,50297,49656,49014,48587,48159
antalya,kumluca,61370,61937,62504,63070,63921,64771,65337,65904
antalya,manavgat,199385,195101,190817,186533,180108,173682,169398,165114
antalya,merkez,714129,739059,763989,788919,826314,863708,888638,913568
antalya,serik,109360,108909,108459,108008,107333,106656,106206,105755
ardahan,cildir,14869,14498,14127,13756,13200,12643,12272,11901
ardahan,damal,8677,8543,8409,8275,8075,7874,7740,7606
ardahan,gole,37814,37104,36394,35684,34619,33554,32844,32134
ardahan,hanak,14873,14346,13819,13292,12501,11710,11183,10656
ardahan,merkez,44794,44298,43803,43307,42563,41820,41324,40828
ardahan,posof,12729,12337,11946,11554,10967,10379,9988,9596
artvin,ardanuc,14477,14161,13845,13529,13055,12580,12264,11948
artvin,arhavi,19347,19321,19294,19268,19229,19189,19162,19136
artvin,borcka,27654,27214,26774,26334,25674,25013,24573,24133
artvin,hopa,32584,32537,32490,32443,32374,32303,32256,32209
artvin,merkez,34572,34354,34136,33918,33591,33263,33045,32827
artvin,murgul,8543,8239,7936,7632,7177,6721,6418,6114
artvin,savsat,25624,24769,23913,23058,21775,20491,19636,18780
artvin,yusufeli,29133,28360,27586,26813,25653,24492,23719,22945
aydin,bozdogan,35190,35349,35508,35667,35907,36145,36304,36463
aydin,buharkent,12984,12927,12870,12813,12727,12641,12584,12527
aydin,cine,53770,53776,53783,53789,53798,53808,53814,53820
aydin,didim,37395,38004,38613,39222,40135,41048,41657,42266
aydin,germencik,45821,45569,45317,45064,44686,44308,44055,43803
aydin,incirliova,40733,40837,40941,41045,41202,41358,41462,41566
aydin,karacasu,21980,21913,21847,21780,21681,21580,21514,21447
aydin,karpuzlu,13207,13161,13114,13068,12999,12929,12882,12836
aydin,kocarli,37167,35924,34681,33437,31573,29708,28464,27221
aydin,kosk,25321,25536,25751,25965,26288,26610,26824,27039
aydin,kusadasi,65765,66737,67710,68682,70140,71599,72571,73543
aydin,kuyucak,31094,31024,30954,30884,30779,30674,30604,30534
aydin,merkez,208341,211284,214227,217170,221584,225998,228941,231884
aydin,nazilli,145963,145333,144703,144073,143128,142182,141552,140922
aydin,soke,137739,135014,132289,129564,125477,121389,118664,115939
aydin,sultanhisar,22795,22626,22458,22289,22037,21783,21615,21446
aydin,yenipazar,15492,15270,15048,14826,14493,14159,13937,13715
balikesir,ayvalik,58738,56737,54735,52734,49732,46729,44728,42726
balikesir,balya,18869,23840,28811,33782,41240,48696,53667,58638
balikesir,bandirma,120753,107748,94743,81738,62230,42722,29717,16712
balikesir,bigadic,49957,59788,69619,79449,94196,108942,118772,128603
balikesir,burhaniye,43199,44009,44818,45628,46843,48057,48866,49676
balikesir,dursunbey,47429,47576,47722,47869,48089,48309,48455,48602
balikesir,edremit,93351,87549,81748,75946,67244,58541,52740,46938
balikesir,erdek,32020,41470,50920,60370,74545,88720,98170,107620
balikesir,gomec,10983,13759,16534,19310,23473,27636,30412,33187
balikesir,gonen,71804,64217,56629,49042,37661,26280,18692,11105
balikesir,havran,26782,32549,38317,44084,52735,61386,67153,72920
balikesir,ivrindi,37891,36619,35346,34074,32165,30256,28984,27711
balikesir,kepsut,28022,29462,30902,32342,34502,36662,38102,39542
balikesir,manyas,25148,25256,25365,25473,25636,25798,25907,26015
balikesir,marmara,9446,11157,12868,14579,17147,19713,21424,23135
balikesir,merkez,287709,252820,217931,183042,130709,78375,43486,8597
balikesir,savastepe,23355,59639,95924,132208,186635,241061,277346,313630
balikesir,sindirgi,47784,44420,41055,37691,32644,27597,24233,20868
balikesir,susurluk,43107,42980,42852,42725,42534,42343,42215,42088
bartin,amasra,16122,16007,15891,15776,15603,15430,15314,15199
bartin,kurucasile,8742,8598,8455,8311,8096,7880,7737,7593
bartin,merkez,130492,131062,131632,132202,133057,133911,134481,135051
bartin,ulus,28822,28255,27689,27122,26272,25422,24855,24288
batman,besiri,33106,32924,32742,32560,32287,32013,31831,31649
batman,gercus,31994,31188,30383,29577,28369,27160,26355,25549
batman,hasankeyf,7493,7457,7422,7386,7332,7279,7243,7207
batman,kozluk,74635,72917,71198,69480,66903,64325,62606,60888
batman,merkez,272787,278184,283581,288978,297075,305170,310567,315964
batman,sason,36719,36033,35347,34661,33632,32602,31916,31230
bayburt,aydintepe,12614,11937,11261,10584,9569,8554,7877,7200
bayburt,demirozu,13477,12989,12500,12012,11280,10547,10058,9570
bayburt,merkez,71267,69839,68410,66982,64839,62696,61268,59839
bilecik,bozuyuk,60863,61319,61776,62232,62917,63601,64058,64514
bilecik,golpazari,13617,13397,13178,12958,12629,12299,12080,11860
bilecik,inhisar,6661,6314,5967,5620,5100,4579,4232,3885
bilecik,merkez,52929,54197,55466,56734,58636,60539,61807,63075
bilecik,osmaneli,21070,21064,21058,21052,21043,21034,21028,21022
bilecik,pazaryeri,13296,13169,13043,12916,12727,12536,12410,12283
bilecik,sogut,20974,21251,21527,21804,22219,22633,22910,23186
bilecik,yenipazar,4916,4796,4675,4555,4374,4193,4073,3952
bingol,adakli,10856,10830,10804,10778,10739,10699,10673,10647
bingol,genc,45994,44653,43312,41971,39961,37949,36608,35267
bingol,karliova,32421,32387,32353,32318,32267,32216,32181,32147
bingol,kigi,6780,6577,6375,6172,5869,5564,5362,5159
bingol,merkez,116411,118095,119780,121464,123990,126517,128201,129885
bingol,solhan,33604,33522,33439,33357,33234,33110,33027,32945
bingol,yayladere,4050,3805,3559,3314,2946,2578,2332,2087
bingol,yedisu,3623,3597,3571,3545,3506,3467,3441,3415
bitlis,adilcevaz,55358,53496,51635,49773,46980,44188,42326,40464
bitlis,ahlat,52814,50665,48516,46367,43145,39921,37772,35623
bitlis,guroymak,48118,47401,46685,45968,44894,43818,43102,42385
bitlis,hizan,42953,42578,42202,41827,41264,40700,40325,39949
bitlis,merkez,65169,64746,64324,63901,63267,62633,62210,61787
bitlis,mutki,39990,39342,38694,38046,37074,36101,35453,34805
bitlis,tatvan,84276,82851,81425,80000,77862,75724,74298,72873
bolu,dortdivan,9528,9226,8923,8621,8167,7713,7411,7108
bolu,gerede,41391,40523,39654,38786,37484,36181,35312,34444
bolu,goynuk,18589,18342,18094,17847,17476,17104,16857,16609
bolu,kibriscik,5534,5334,5134,4933,4633,4333,4132,3932
bolu,mengen,16504,16300,16097,15893,15588,15282,15079,14875
bolu,merkez,135009,137695,140381,143067,147097,151126,153812,156498
bolu,mudurnu,25148,24686,24224,23761,23068,22375,21912,21450
bolu,seben,8871,8634,8397,8159,7804,7448,7210,6973
bolu,yenicaga,10080,9886,9692,9498,9207,8916,8722,8528
burdur,aglasun,11393,11156,10920,10683,10329,9973,9737,9500
burdur,altinyayla,6793,6645,6497,6349,6128,5906,5758,5610
burdur,bucak,57950,58061,58172,58283,58449,58615,58726,58837
burdur,cavdir,15584,15270,14956,14642,14171,13700,13386,13072
burdur,celtikci,6758,6708,6657,6607,6531,6455,6405,6354
burdur,golhisar,21287,21281,21276,21270,21262,21253,21248,21242
burdur,karamanli,8152,8111,8069,8028,7966,7904,7862,7821
burdur,kemer,4714,4659,4604,4549,4466,4383,4328,4273
burdur,merkez,90060,90712,91364,92015,92993,93971,94622,95274
burdur,tefenni,11939,11770,11601,11432,11179,10925,10756,10587
burdur,yesilova,22173,21728,21283,20837,20170,19502,19056,18611
bursa,buyukorhan,16667,16359,16050,15742,15279,14816,14508,14199
bursa,gemlik,88472,89674,90875,92077,93880,95682,96883,98085
bursa,gursu,28087,30831,33575,36319,40435,44551,47295,50039
bursa,harmancik,10017,9807,9598,9388,9074,8759,8550,8340
bursa,inegol,186558,189278,191997,194717,198796,202875,205595,208314
bursa,iznik,44770,44738,44706,44674,44626,44578,44546,44514
bursa,karacabey,76887,77166,77444,77723,78141,78558,78837,79115
bursa,keles,18613,18281,17950,17618,17120,16623,16291,15959
bursa,kestel,44102,44146,44191,44235,44301,44368,44412,44456
bursa,mkemalpasa,101531,96636,91741,86845,79503,72160,67264,62369
bursa,mudanya,53965,59969,65974,71978,80985,89991,95996,102000
bursa,nilufer,178682,187765,196848,205930,219555,233179,242261,251344
bursa,orhaneli,30449,29743,29036,28330,27271,26211,25504,24798
bursa,orhangazi,68902,69493,70085,70676,71564,72450,73042,73633
bursa,osmangazi,642337,654049,665761,677473,695042,712610,724322,736034
bursa,yenisehir,54835,54384,53933,53482,52806,52129,51678,51227
bursa,yildirim,480266,492164,504062,515960,533807,551654,563552,575450
canakkale,ayvacik,30502,30488,30473,30459,30438,30416,30401,30387
canakkale,bayramic,32314,32196,32079,31961,31784,31608,31490,31372
canakkale,biga,77169,77469,77769,78069,78519,78969,79269,79569
canakkale,bozcaada,2427,2408,2389,2370,2343,2314,2295,2276
canakkale,can,52929,52809,52688,52568,52387,52206,52086,51965
canakkale,eceabat,9929,9875,9820,9766,9684,9602,9548,9493
canakkale,ezine,35301,35180,35060,34939,34759,34577,34457,34336
canakkale,gelibolu,46226,46354,46483,46611,46803,46996,47124,47252
canakkale,gokceada,8875,8850,8824,8799,8761,8723,8697,8672
canakkale,lapseki,26034,26180,26327,26473,26692,26912,27058,27204
canakkale,merkez,104205,105651,107098,108544,110713,112883,114329,115775
canakkale,yenice,39064,38909,38755,38600,38369,38136,37982,37827
cankiri,atkaracalar,9977,9225,8474,7722,6595,5467,4716,3964
cankiri,bayramoren,6617,6116,5615,5114,4362,3610,3109,2608
cankiri,cerkes,29619,27742,25865,23987,21172,18356,16478,14601
cankiri,eldivan,9301,8852,8404,7955,7282,6609,6160,5711
cankiri,ilgaz,27953,26149,24344,22540,19833,17126,15322,13517
cankiri,kizilirmak,11271,10965,10659,10353,9894,9435,9129,8823
cankiri,korgun,8911,8249,7587,6924,5931,4938,4275,3613
cankiri,kursunlu,26218,24013,21809,19604,16297,12990,10785,8580
cankiri,merkez,78638,78902,79166,79429,79825,80221,80484,80748
cankiri,orta,26206,24464,22722,20980,18368,15755,14013,12271
cankiri,sabanozu,14629,13896,13163,12429,11330,10230,9496,8763
cankiri,yaprakli,21015,19740,18465,17189,15277,13364,12088,10813
corum,alaca,53193,51640,50087,48534,46206,43876,42323,40770
corum,bayat,30574,30131,29689,29246,28582,27918,27475,27032
corum,bogazkale,8190,7878,7567,7255,6787,6320,6008,5696
corum,dodurga,10439,10171,9902,9634,9232,8829,8560,8292
corum,iskilip,45327,44971,44614,44258,43724,43189,42832,42476
corum,kargi,20388,19971,19554,19136,18511,17885,17467,17050
corum,lacin,9425,9129,8833,8537,8094,7650,7354,7058
corum,mecitozu,26064,25392,24720,24048,23041,22033,21361,20689
corum,merkez,221699,224437,227174,229912,234019,238125,240862,243600
corum,oguzlar,9083,8939,8795,8651,8435,8218,8074,7930
corum,ortakoy,11820,11556,11293,11029,10634,10238,9975,9711
corum,osmancik,53758,52755,51751,50748,49243,47737,46734,45730
corum,sungurlu,80840,78814,76788,74762,71723,68683,66657,64631
corum,ugurludag,16265,15377,14490,13602,12270,10939,10051,9163
denizli,acipayam,64410,63695,62979,62264,61191,60118,59402,58687
denizli,akkoy,6437,6626,6815,7004,7289,7572,7761,7950
denizli,babadag,8212,8050,7887,7725,7482,7238,7075,6913
denizli,baklan,8440,8471,8503,8534,8582,8628,8660,8691
denizli,bekilli,10577,10145,9713,9281,8634,7986,7554,7122
denizli,beyagac,7332,7895,8458,9020,9865,10709,11271,11834
denizli,bozkurt,11862,13802,15742,17681,20591,23501,25440,27380
denizli,buldan,26994,26639,26285,25930,25399,24866,24512,24157
denizli,cal,32932,31435,29937,28440,26194,23948,22450,20953
denizli,cameli,19100,17884,16668,15452,13628,11804,10588,9372
denizli,cardak,11236,17494,23752,30010,39398,48785,55043,61301
denizli,civril,62708,56422,50137,43851,34422,24994,18708,12422
denizli,guney,13718,15621,17524,19427,22281,25135,27038,28941
denizli,honaz,24533,24284,24035,23786,23414,23040,22791,22542
denizli,kale,21390,80586,139783,198979,287774,376568,435765,494961
denizli,merkez,400719,351282,301846,252409,178254,104099,54662,5225
denizli,saraykoy,36495,35687,34878,34070,32858,31645,30836,30028
denizli,serinhisar,22265,21403,20542,19680,18387,17095,16233,15371
denizli,tavas,60669,59770,58871,57971,56623,55274,54374,53475
diyarbakir,bismil,126885,124613,122340,120068,116660,113251,110978,108706
diyarbakir,cermik,46050,46716,47383,48049,49049,50048,50715,51381
diyarbakir,cinar,58583,59119,59655,60191,60995,61799,62335,62871
diyarbakir,cungus,15521,15327,15134,14940,14649,14359,14165,13971
diyarbakir,dicle,39861,40455,41048,41642,42533,43423,44016,44610
diyarbakir,egil,21631,21878,22125,22372,22744,23114,23361,23608
diyarbakir,ergani,87467,90243,93020,95796,99961,104125,106902,109678
diyarbakir,hani,31794,31758,31723,31687,31634,31580,31545,31509
diyarbakir,hazro,18755,18709,18663,18617,18548,18478,18432,18386
diyarbakir,kocakoy,13069,13399,13728,14058,14552,15046,15376,15705
diyarbakir,kulp,40454,39830,39207,38583,37647,36712,36088,35464
diyarbakir,lice,24877,25587,26298,27008,28074,29139,29850,30560
diyarbakir,merkez,721463,734582,747701,760820,780498,800176,813295,826414
diyarbakir,silvan,116298,112742,109186,105630,100297,94963,91407,87851
duzce,akcakoca,43895,43026,42157,41288,39986,38682,37813,36944
duzce,cilimli,16849,16782,16716,16649,16550,16449,16383,16316
duzce,cumayeri,13348,13280,13212,13144,13043,12941,12873,12805
duzce,golyaka,19612,19615,19618,19621,19627,19631,19634,19637
duzce,gumusova,18043,17604,17164,16725,16066,15406,14967,14527
duzce,kaynasli,21639,21545,21451,21357,21217,21076,20982,20888
duzce,merkez,159690,162653,165616,168579,173025,177469,180432,183395
duzce,yigilca,21190,20893,20597,20300,19855,19410,19113,18816
edirne,enez,11929,11777,11625,11473,11246,11018,10866,10714
edirne,havsa,24027,23715,23404,23092,22624,22157,21845,21533
edirne,ipsala,33564,33149,32733,32318,31695,31071,30656,30240
edirne,kesan,77637,77613,77588,77564,77528,77491,77466,77442
edirne,lalapasa,10154,9936,9717,9499,9171,8843,8625,8406
edirne,meric,19052,18790,18529,18267,17875,17482,17221,16959
edirne,merkez,140830,142066,143302,144538,146392,148245,149481,150717
edirne,suleoglu,11927,11620,11314,11007,10548,10087,9781,9474
edirne,uzunkopru,73486,73172,72859,72545,72075,71604,71291,70977
elazig,agin,5246,4938,4630,4322,3860,3397,3089,2781
elazig,alacakaya,10113,9887,9661,9435,9097,8758,8532,8306
elazig,aricak,20596,20080,19564,19047,18273,17499,16982,16466
elazig,baskil,26811,25457,24103,22749,20718,18686,17332,15978
elazig,karakocan,45023,43148,41272,39397,36584,33771,31895,30020
elazig,keban,9562,9232,8903,8573,8079,7584,7255,6925
elazig,kovancilar,46390,45309,44228,43147,41526,39904,38823,37742
elazig,maden,21699,20964,20230,19495,18394,17291,16557,15822
elazig,merkez,344698,348575,352452,356329,362146,367961,371838,375715
elazig,palu,25550,25109,24667,24226,23564,22902,22460,22019
elazig,sivrice,13928,13373,12817,12262,11429,10595,10040,9484
erzincan,cayirli,17043,16227,15412,14596,13372,12149,11333,10517
erzincan,ilic,7691,7489,7287,7085,6782,6479,6277,6075
erzincan,kemah,9304,8998,8692,8386,7927,7467,7161,6855
erzincan,kemaliye,7736,7423,7110,6797,6327,5857,5544,5231
erzincan,merkez,170858,167033,163208,159383,153646,147908,144083,140258
erzincan,otlukbeli,4651,4408,4165,3921,3557,3192,2948,2705
erzincan,refahiye,15987,15206,14426,13645,12475,11303,10523,9742
erzincan,tercan,33643,31793,29943,28093,25318,22542,20692,18842
erzincan,uzumlu,49928,45351,40774,36197,29333,22467,17890,13313
erzurum,askale,35554,34596,33638,32680,31243,29806,28848,27890
erzurum,cat,26057,26137,26217,26297,26418,26538,26618,26698
erzurum,hinis,49892,46342,42792,39242,33917,28591,25041,21491
erzurum,horasan,45587,43896,42205,40514,37978,35441,33750,32059
erzurum,ilica,30252,32126,33999,35873,38684,41494,43367,45241
erzurum,ispir,29337,27968,26598,25229,23175,21120,19751,18381
erzurum,karacoban,29503,29065,28627,28189,27532,26875,26437,25999
erzurum,karayazi,35414,35279,35144,35008,34806,34603,34467,34332
erzurum,koprukoy,21310,21010,20710,20410,19960,19509,19209,18909
erzurum,merkez,389619,384436,379253,374070,366297,358522,353339,348156
erzurum,narman,27615,26448,25281,24113,22363,20612,19444,18277
erzurum,oltu,39537,38619,37701,36783,35406,34028,33110,32192
erzurum,olur,10871,10614,10356,10099,9713,9327,9069,8812
erzurum,pasinler,44663,43387,42111,40834,38920,37006,35729,34453
erzurum,pazaryolu,9653,9104,8556,8007,7185,6361,5813,5264
erzurum,senkaya,27632,27051,26471,25890,25020,24148,23568,22987
erzurum,tekman,34640,34321,34003,33684,33206,32728,32409,32090
erzurum,tortum,38697,36656,34616,32575,29515,26453,24413,22372
erzurum,uzundere,11556,11279,11002,10724,10309,9893,9615,9338
eskisehir,alpu,16727,16370,16013,15656,15120,14584,14227,13870
eskisehir,beylikova,10506,10124,9742,9360,8787,8214,7832,7450
eskisehir,cifteler,18545,18344,18143,17942,17640,17338,17137,16936
eskisehir,gunyuzu,16508,15461,14415,13368,11799,10228,9182,8135
eskisehir,han,3681,3537,3392,3248,3032,2815,2670,2526
eskisehir,inonu,9331,9113,8894,8676,8348,8020,7802,7583
eskisehir,mahmudiye,10132,10009,9885,9762,9577,9391,9268,9144
eskisehir,merkez,519602,529046,538491,547935,562102,576268,585713,595157
eskisehir,mihalgazi,14029,12710,11391,10072,8093,6114,4795,3476
eskisehir,mihaliccik,18696,17811,16927,16042,14715,13388,12503,11618
eskisehir,saricakaya,14968,13838,12707,11577,9881,8185,7055,5924
eskisehir,seyitgazi,21701,21191,20682,20172,19408,18643,18134,17624
eskisehir,sivrihisar,31583,30811,30039,29267,28109,26950,26178,25406
gaziantep,araban,31819,31824,31830,31835,31843,31851,31856,31861
gaziantep,islahiye,79011,77395,75779,74163,71739,69315,67699,66083
gaziantep,karkamis,13774,13500,13226,12952,12541,12129,11855,11581
gaziantep,nizip,115043,116842,118640,120439,123137,125835,127633,129432
gaziantep,nurdagi,38472,38068,37663,37259,36653,36046,35641,35237
gaziantep,oguzeli,33162,32379,31596,30813,29638,28463,27680,26897
gaziantep,sahinbey,538373,555958,573543,591128,617506,643883,661468,679053
gaziantep,sehitkamil,411186,429640,448095,466549,494231,521912,540367,558821
gaziantep,yavuzeli,24409,23990,23571,23152,22525,21896,21477,21058
giresun,alucra,25865,23935,22005,20075,17181,14286,12356,10426
giresun,bulancak,59841,59777,59712,59648,59551,59454,59390,59325
giresun,camoluk,14715,13824,12933,12042,10707,9370,8479,7588
giresun,canakci,15245,14247,13248,12250,10752,9254,8256,7257
giresun,dereli,27860,27240,26621,26001,25071,24142,23522,22902
giresun,dogankent,7477,7403,7328,7254,7142,7030,6956,6881
giresun,espiye,30567,30631,30694,30758,30853,30948,31012,31075
giresun,eynesil,21110,20252,19394,18535,17248,15961,15102,14244
giresun,gorele,52420,49412,46404,43396,38885,34373,31365,28357
giresun,guce,8679,8688,8698,8707,8722,8735,8745,8754
giresun,kesap,22468,22190,21912,21634,21217,20800,20522,20244
giresun,merkez,112501,112680,112860,113039,113309,113577,113757,113936
giresun,piraziz,17901,17517,17134,16750,16175,15599,15216,14832
giresun,skarahisar,50926,47527,44127,40728,35629,30530,27130,23731
giresun,tirebolu,36947,35933,34919,33905,32384,30863,29849,28835
giresun,yaglidere,19297,19275,19252,19230,19197,19163,19140,19118
gumushane,kelkit,63510,60779,58049,55318,51222,47126,44395,41664
gumushane,kose,19428,17908,16389,14869,12589,10310,8790,7270
gumushane,kurtun,15546,15152,14758,14364,13773,13182,12788,12394
gumushane,merkez,46656,45547,44438,43329,41666,40002,38893,37784
gumushane,siran,26397,25422,24447,23471,22009,20546,19570,18595
gumushane,torul,15416,15129,14842,14554,14124,13693,13405,13118
hakkari,cukurca,11080,11239,11398,11557,11796,12034,12193,12352
hakkari,merkez,77532,77581,77631,77680,77754,77828,77877,77926
hakkari,semdinli,45930,46568,47206,47844,48801,49758,50396,51034
hakkari,yuksekova,102039,102429,102819,103208,103793,104378,104767,105157
hatay,altinozu,59167,59437,59706,59976,60380,60784,61054,61323
hatay,belen,28382,28116,27851,27585,27186,26788,26522,26256
hatay,dortyol,126258,128040,129823,131605,134279,136952,138735,140517
hatay,erzin,33988,34604,35221,35837,36761,37686,38302,38918
hatay,hassa,49994,50497,51001,51504,52259,53014,53517,54020
hatay,iskenderun,287384,289785,292187,294588,298190,301792,304193,306594
hatay,kirikhan,98530,98697,98864,99031,99282,99532,99699,99866
hatay,kumlu,16070,15713,15355,14998,14462,13925,13568,13210
hatay,merkez,345320,354069,362818,371566,384690,397813,406561,415310
hatay,reyhanli,74225,75246,76267,77287,78819,80350,81370,82391
hatay,samandag,106754,109014,111273,113533,116922,120311,122571,124830
hatay,yayladagi,27654,27071,26488,25905,25030,24155,23572,22989
igdir,aralik,21747,21798,21849,21900,21977,22053,22104,22155
igdir,karakoyunlu,18285,17824,17363,16902,16211,15519,15058,14597
igdir,merkez,102648,104746,106844,108942,112089,115236,117334,119432
igdir,tuzluca,25954,25920,25886,25852,25801,25750,25716,25682
isparta,aksu,9554,9030,8506,7981,7195,6409,5884,5360
isparta,atabey,12402,11628,10854,10080,8919,7757,6983,6209
isparta,egirdir,40996,40755,40513,40272,39910,39547,39306,39064
isparta,gelendost,22370,21759,21148,20537,19620,18703,18092,17481
isparta,gonen,16894,15754,14614,13474,11765,10055,8915,7775
isparta,keciborlu,23120,22246,21373,20499,19189,17878,17005,16131
isparta,merkez,170713,175147,179581,184015,190667,197318,201752,206186
isparta,sarkikaraagac,52164,49193,46222,43251,38796,34339,31368,28397
isparta,senirkent,25828,24223,22618,21013,18607,16199,14594,12989
isparta,sutculer,18839,18193,17547,16901,15933,14964,14318,13672
isparta,uluborlu,13248,12452,11656,10859,9665,8471,7674,6878
isparta,yalvac,101628,96050,90472,84894,76527,68160,62582,57004
isparta,yenisarbademli,5925,5522,5119,4715,4111,3506,3102,2699
istanbul,adalar,17760,16848,15935,15023,13654,12285,11373,10460
istanbul,avcilar,233749,244980,256211,267442,284288,301134,312365,323596
istanbul,bagcilar,556519,576863,597206,617550,648065,678580,698924,719267
istanbul,bahcelievler,478623,490259,501895,513531,530985,548439,560075,571711
istanbul,bakirkoy,208398,209201,210004,210807,212011,213215,214018,214821
istanbul,bayrampasa,246006,249280,252554,255827,260738,265649,268922,272196
istanbul,besiktas,190813,190901,190988,191076,191207,191338,191426,191513
istanbul,beykoz,210832,214707,218582,222457,228271,234083,237958,241833
istanbul,beyoglu,231900,233820,235739,237659,240538,243417,245337,247256
istanbul,buyukcekmece,384089,422175,460260,498346,555475,612603,650688,688774
istanbul,catalca,81589,82535,83481,84427,85847,87266,88212,89158
istanbul,eminonu,55635,52750,49866,46981,42654,38327,35442,32557
istanbul,esenler,380709,397775,414841,431906,457505,483104,500169,517235
istanbul,eyup,255912,264615,273317,282020,295074,308127,316830,325532
istanbul,fatih,403508,405937,408366,410795,414440,418083,420512,422941
istanbul,gaziosmanpasa,752389,784971,817554,850136,899010,947883,980466,1013048
istanbul,gungoren,272950,278649,284349,290048,298598,307146,312846,318545
istanbul,kadikoy,663299,673470,683642,693813,709071,724327,734499,744670
istanbul,kagithane,345239,354363,363487,372610,386296,399982,409105,418229
istanbul,kartal,407865,424533,441201,457869,482871,507873,524541,541209
istanbul,kucukcekmece,594524,618383,642241,666100,701888,737675,761534,785392
istanbul,maltepe,355384,362851,370317,377784,388984,400184,407650,415117
istanbul,pendik,389657,406011,422364,438718,463249,487779,504132,520486
istanbul,sariyer,242543,246776,251009,255242,261592,267941,272174,276407
istanbul,sile,32447,31537,30628,29718,28353,26989,26079,25169
istanbul,silivri,108155,110306,112457,114608,117836,121062,123213,125364
istanbul,sisli,270674,276175,281677,287178,295430,303682,309183,314684
istanbul,sultanbeyli,175700,187832,199965,212097,230295,248494,260626,272758
istanbul,tuzla,123225,128477,133729,138980,146858,154736,159987,165239
istanbul,umraniye,605855,642281,678706,715132,769771,824409,860834,897260
istanbul,uskudar,495118,506062,517005,527949,544364,560779,571723,582666
istanbul,zeytinburnu,247669,252803,257938,263072,270773,278475,283609,288743
izmir,aliaga,57192,57548,57905,58261,58796,59330,59687,60043
izmir,balcova,66877,67872,68867,69862,71355,72847,73842,74837
izmir,bayindir,47214,46581,45949,45316,44367,43418,42785,42152
izmir,bergama,106536,106042,105547,105053,104312,103570,103075,102581
izmir,beydag,14147,14066,13985,13904,13784,13662,13581,13500
izmir,bornova,396770,406693,416616,426539,441423,456307,466230,476153
izmir,buca,315136,325860,336585,347309,363395,379482,390206,400930
izmir,cesme,37372,36175,34978,33781,31986,30190,28993,27796
izmir,cigli,113543,117382,121220,125059,130817,136574,140413,144251
izmir,dikili,30115,29769,29423,29077,28559,28040,27694,27348
izmir,foca,36107,35412,34718,34023,32981,31939,31244,30549
izmir,gaziemir,87692,90392,93092,95792,99842,103891,106591,109291
izmir,guzelbahce,18190,18323,18456,18589,18790,18989,19122,19255
izmir,karaburun,13446,12770,12095,11419,10405,9392,8716,8040
izmir,karsiyaka,438764,448317,457869,467422,481751,496079,505632,515184
izmir,kemalpasa,73114,74197,75280,76363,77987,79611,80694,81777
izmir,kinik,32109,31588,31066,30545,29763,28981,28459,27938
izmir,kiraz,44910,44930,44951,44971,45001,45032,45052,45072
izmir,konak,782309,790549,798788,807028,819388,831747,839986,848226
izmir,menderes,73002,71885,70768,69651,67975,66299,65182,64065
izmir,menemen,114457,116017,117576,119136,121476,123815,125374,126934
izmir,narlidere,54107,55026,55944,56863,58241,59618,60537,61455
izmir,odemis,128259,128258,128258,128257,128256,128255,128254,128253
izmir,seferihisar,34761,33645,32528,31412,29738,28063,26946,25830
izmir,selcuk,33594,33645,33696,33747,33824,33900,33951,34002
izmir,tire,78658,78367,78075,77784,77347,76910,76618,76327
izmir,torbali,93216,96502,99789,103075,108004,112934,116220,119506
izmir,urla,49269,49118,48966,48815,48588,48361,48209,48058
kahramanmaras,afsin,92718,91727,90735,89744,88257,86769,85778,84786
kahramanmaras,andirin,41051,41034,41017,41000,40975,40949,40932,40915
kahramanmaras,caglayancerit,29580,29238,28897,28555,28042,27530,27188,26846
kahramanmaras,ekinozu,17102,16925,16748,16570,16305,16039,15861,15684
kahramanmaras,elbistan,128267,128406,128545,128684,128893,129101,129240,129379
kahramanmaras,goksun,76033,73348,70663,67978,63951,59923,57238,54553
kahramanmaras,merkez,465370,469818,474265,478713,485384,492055,496503,500950
kahramanmaras,nurhak,17260,16926,16592,16258,15757,15255,14921,14587
kahramanmaras,pazarcik,72628,72870,73111,73353,73715,74077,74319,74560
kahramanmaras,turkoglu,62375,62347,62320,62292,62251,62209,62182,62154
karabuk,eflani,12270,11935,11601,11266,10764,10262,9927,9592
karabuk,eskipazar,16365,15972,15578,15185,14595,14004,13611,13217
karabuk,merkez,116804,117089,117374,117659,118087,118514,118799,119084
karabuk,ovacik,5455,5199,4943,4687,4303,3919,3663,3407
karabuk,safranbolu,47257,47578,47898,48219,48700,49180,49501,49821
karabuk,yenice,26951,25367,23783,22199,19824,17448,15864,14280
karaman,ayranci,13212,14478,15745,17011,18910,20810,22076,23342
karaman,basyayla,8155,8460,8765,9070,9527,9984,10289,10594
karaman,ermenek,42643,37996,33349,28701,21731,14760,10112,5465
karaman,kazimkarabekir,5442,8660,11877,15095,19921,24747,27965,31182
karaman,merkez,152450,133937,115425,96912,69144,41374,22862,4349
karaman,sariveliler,21308,38667,56026,73385,99423,125461,142820,160179
kars,akyaka,14526,14299,14073,13846,13506,13166,12939,12712
kars,arpacay,24995,24580,24165,23749,23127,22504,22088,21673
kars,digor,25125,25350,25575,25800,26138,26475,26700,26925
kars,kagizman,48908,49118,49327,49537,49852,50166,50375,50585
kars,merkez,114071,113618,113164,112711,112031,111350,110897,110443
kars,sarikamis,57026,56347,55667,54988,53969,52950,52270,51591
kars,selim,25480,25440,25401,25361,25301,25242,25202,25162
kars,susuz,14885,14664,14442,14221,13889,13557,13335,13114
kastamonu,abana,4273,4184,4095,4006,3874,3740,3651,3562
kastamonu,agli,4193,4082,3971,3860,3695,3528,3417,3306
kastamonu,arac,24180,23789,23399,23008,22422,21836,21445,21054
kastamonu,azdavay,9019,8876,8734,8591,8378,8163,8021,7878
kastamonu,bozkurt,10159,9958,9756,9555,9253,8951,8749,8548
kastamonu,catalzeytin,8508,8269,8030,7791,7434,7075,6836,6597
kastamonu,cide,23161,22814,22466,22119,21598,21077,20729,20382
kastamonu,daday,11181,11053,10926,10798,10607,10415,10288,10160
kastamonu,devrekani,15855,15591,15327,15063,14667,14270,14006,13742
kastamonu,doganyurt,9668,9577,9486,9395,9259,9122,9031,8940
kastamonu,hanonu,5545,5413,5281,5148,4950,4752,4619,4487
kastamonu,ihsangazi,7068,6971,6875,6778,6633,6488,6391,6294
kastamonu,inebolu,26848,26579,26311,26042,25640,25236,24968,24699
kastamonu,kure,10223,9916,9609,9302,8841,8380,8073,7766
kastamonu,merkez,102059,103718,105377,107036,109526,112014,113673,115332
kastamonu,pinarbasi,5978,5898,5818,5738,5618,5497,5417,5337
kastamonu,senpazar,6494,6375,6255,6136,5957,5777,5658,5538
kastamonu,seydiler,5269,5145,5020,4896,4710,4523,4398,4274
kastamonu,taskopru,43800,43503,43206,42909,42464,42018,41721,41424
kastamonu,tosya,41995,41876,41758,41639,41462,41283,41165,41046
kayseri,akkisla,9864,9709,9555,9400,9169,8936,8782,8627
kayseri,bunyan,39542,38988,38433,37879,37047,36215,35661,35106
kayseri,develi,70893,70243,69594,68944,67969,66995,66345,65695
kayseri,felahiye,16650,15436,14222,13008,11187,9366,8152,6938
kayseri,hacilar,20896,19772,18648,17524,15839,14153,13029,11905
kayseri,incesu,22616,22350,22084,21818,21420,21021,20755,20489
kayseri,kocasinan,321032,326605,332178,337750,346110,354469,360041,365614
kayseri,melikgazi,311322,325543,339765,353986,375318,396650,410871,425092
kayseri,ozvatan,10482,9755,9028,8300,7210,6119,5391,4664
kayseri,pinarbasi,35388,34827,34266,33704,32863,32021,31459,30898
kayseri,sarioglan,27801,26512,25224,23935,22002,20069,18780,17491
kayseri,sariz,14596,14360,14123,13887,13533,13178,12941,12705
kayseri,talas,55509,58030,60551,63071,66853,70634,73154,75675
kayseri,tomarza,35808,34919,34030,33141,31809,30475,29586,28697
kayseri,yahyali,43203,42532,41861,41190,40183,39176,38505,37834
kayseri,yesilhisar,24830,23934,23037,22141,20796,19451,18555,17658
kilis,elbeyli,7992,7832,7673,7513,7273,7034,6874,6714
kilis,merkez,87387,87975,88564,89152,90035,90917,91506,92094
kilis,musabeyli,13895,13928,13962,13995,14045,14095,14128,14161
kilis,polateli,5450,5455,5460,5464,5472,5479,5483,5488
kirikkale,bahsili,8525,8350,8174,7999,7736,7472,7297,7121
kirikkale,baliseyh,13702,13017,12332,11647,10619,9591,8906,8221
kirikkale,celebi,7210,6581,5952,5323,4380,3436,2807,2178
kirikkale,delice,31042,28541,26040,23539,19789,16037,13536,11035
kirikkale,karakecili,8296,7738,7181,6623,5787,4950,4393,3835
kirikkale,keskin,59150,54428,49705,44983,37900,30816,26093,21371
kirikkale,merkez,225005,222390,219775,217159,213237,209314,206698,204083
kirikkale,sulakyurt,16480,15598,14717,13835,12513,11190,10309,9427
kirikkale,yahsihan,14098,13956,13814,13672,13460,13247,13105,12963
kirklareli,babaeski,53655,53425,53195,52965,52620,52275,52045,51815
kirklareli,demirkoy,11407,11122,10837,10552,10126,9698,9413,9128
kirklareli,kofcaz,4166,4056,3947,3837,3672,3508,3398,3288
kirklareli,luleburgaz,117606,119202,120798,122394,124789,127183,128779,130375
kirklareli,merkez,80730,81061,81392,81723,82220,82716,83047,83378
kirklareli,pehlivankoy,5892,5729,5566,5402,5158,4913,4749,4586
kirklareli,pinarhisar,22729,22430,22131,21832,21385,20936,20637,20338
kirklareli,vize,32276,32035,31794,31553,31192,30830,30589,30348
kirsehir,akcakent,7700,7520,7340,7160,6891,6621,6441,6261
kirsehir,akpinar,13349,13025,12701,12376,11890,11404,11079,10755
kirsehir,boztepe,10189,9754,9318,8883,8230,7577,7141,6706
kirsehir,cicekdagi,21059,20681,20304,19926,19360,18793,18416,18038
kirsehir,kaman,60919,58904,56890,54875,51853,48831,46816,44801
kirsehir,merkez,115078,115339,115600,115860,116252,116643,116903,117164
kirsehir,mucur,24945,24258,23570,22883,21852,20820,20133,19445
kocaeli,derince,97283,99786,102288,104791,108545,112298,114801,117303
kocaeli,gebze,421932,434352,446772,459192,477822,496451,508871,521291
kocaeli,golcuk,107615,110662,113709,116756,121328,125898,128945,131992
kocaeli,kandira,52418,51781,51144,50507,49552,48596,47959,47322
kocaeli,karamursel,48508,48548,48589,48629,48690,48750,48791,48831
kocaeli,korfez,105295,107544,109794,112043,115417,118791,121040,123289
kocaeli,merkez,373034,382392,391750,401108,415145,429182,438540,447898
konya,ahirli,14254,13232,12211,11189,9656,8124,7102,6080
konya,akoren,17230,15939,14647,13356,11419,9482,8190,6899
konya,aksehir,114918,113032,111146,109260,106432,103603,101717,99831
konya,altinekin,23062,22039,21015,19992,18457,16921,15898,14874
konya,beysehir,118144,112465,106786,101107,92589,84070,78391,72712
konya,bozkir,55067,52190,49314,46437,42123,37807,34931,32054
konya,celtik,14460,14091,13721,13352,12798,12244,11874,11505
konya,cihanbeyli,75871,74209,72546,70884,68391,65897,64234,62572
konya,cumra,104576,99535,94494,89453,81891,74329,69288,64247
konya,derbent,14372,13303,12234,11165,9561,7957,6888,5819
konya,derebucak,19053,17889,16725,15561,13815,12068,10904,9740
konya,doganhisar,36162,34456,32749,31043,28483,25923,24217,22510
konya,emirgazi,14698,14203,13708,13213,12472,11729,11234,10739
konya,eregli,126117,127157,128197,129237,130798,132358,133398,134438
konya,guneysinir,24301,22674,21047,19420,16981,14540,12913,11286
konya,hadim,59941,54510,49078,43647,35500,27353,21921,16490
konya,halkapinar,6255,6143,6030,5918,5750,5581,5468,5356
konya,huyuk,52110,47990,43870,39749,33569,27389,23268,19148
konya,ilgin,75681,73948,72214,70481,67881,65281,63547,61814
konya,kadinhani,41844,41049,40254,39459,38266,37073,36278,35483
konya,karapinar,55734,54870,54006,53142,51846,50549,49685,48821
konya,karatay,214589,218869,223148,227428,233848,240267,244546,248826
konya,kulu,72279,69040,65801,62562,57703,52844,49605,46366
konya,meram,267878,272480,277083,281685,288588,295492,300094,304696
konya,sarayonu,36525,35561,34597,33633,32187,30741,29777,28813
konya,selcuklu,348329,363067,377805,392543,414650,436757,451495,466233
konya,seydisehir,85456,82749,80042,77334,73274,69213,66505,63798
konya,taskent,46396,41659,36921,32184,25078,17972,13234,8497
konya,tuzlukcu,9783,9581,9379,9177,8874,8571,8369,8167
konya,yalihuyuk,5575,5100,4626,4151,3440,2727,2253,1778
konya,yunak,41506,40004,38502,37000,34747,32494,30992,29490
kutahya,altintas,25271,24652,24032,23413,22484,21555,20935,20316
kutahya,aslanapa,13094,12964,12833,12703,12508,12312,12181,12051
kutahya,cavdarhisar,13538,12959,12380,11801,10933,10064,9485,8906
kutahya,domanic,19560,19348,19135,18923,18604,18285,18073,17860
kutahya,dumlupinar,5494,5217,4940,4663,4247,3831,3554,3277
kutahya,emet,45994,43299,40605,37910,33869,29826,27132,24437
kutahya,gediz,77483,74580,71677,68774,64420,60065,57162,54259
kutahya,hisarcik,20902,20140,19378,18616,17474,16331,15569,14807
kutahya,merkez,207905,211613,215321,219029,224592,230154,233862,237570
kutahya,pazarlar,12409,11744,11079,10413,9416,8418,7752,7087
kutahya,saphane,11715,11213,10711,10208,9455,8702,8199,7697
kutahya,simav,103763,100319,96875,93431,88265,83098,79654,76210
kutahya,tavsanli,99775,99732,99690,99647,99583,99519,99476,99433
malatya,akcadag,48670,46329,43988,41646,38135,34623,32281,29940
malatya,arapkir,16625,15981,15336,14692,13726,12759,12114,11470
malatya,arguvan,10594,10317,10040,9763,9349,8933,8656,8379
malatya,battalgazi,28085,28030,27975,27919,27837,27754,27698,27643
malatya,darende,54438,51823,49207,46592,42669,38745,36130,33514
malatya,dogansehir,60708,58206,55703,53201,49447,45693,43191,40688
malatya,doganyol,10778,10059,9340,8621,7543,6464,5745,5026
malatya,hekimhan,42515,40168,37821,35474,31954,28433,26086,23739
malatya,kale,9569,9159,8748,8338,7723,7107,6696,6286
malatya,kuluncak,20882,19409,17936,16463,14255,12045,10572,9099
malatya,merkez,457566,457154,456743,456331,455713,455096,454684,454272
malatya,poturge,28382,27686,26989,26293,25248,24203,23507,22810
malatya,yazihan,19295,18882,18470,18057,17438,16819,16406,15993
malatya,yesilyurt,45551,44008,42465,40922,38607,36292,34749,33206
manisa,ahmetli,18852,18474,18097,17719,17152,16586,16208,15830
manisa,akhisar,152582,153154,153727,154299,155158,156016,156589,157161
manisa,alasehir,93760,94233,94705,95178,95887,96596,97068,97541
manisa,demirci,59314,58395,57475,56556,55177,53797,52878,51958
manisa,golmarmara,17831,17613,17395,17177,16850,16523,16305,16087
manisa,gordes,38110,37493,36875,36258,35332,34406,33788,33171
manisa,kirkagac,48303,48628,48953,49278,49766,50253,50578,50903
manisa,koprubasi,10851,10726,10601,10476,10289,10101,9976,9851
manisa,kula,52986,52367,51748,51129,50201,49272,48653,48034
manisa,merkez,278555,285279,292003,298727,308813,318898,325622,332346
manisa,salihli,149151,149884,150617,151350,152451,153550,154283,155016
manisa,sarigol,35621,35655,35689,35723,35774,35825,35859,35893
manisa,saruhanli,68134,66893,65652,64411,62549,60687,59446,58205
manisa,selendi,26061,25848,25635,25421,25102,24782,24568,24355
manisa,soma,89038,90126,91213,92301,93933,95564,96651,97739
manisa,turgutlu,121020,122871,124723,126574,129351,132128,133979,135830
mardin,dargecit,27611,27533,27455,27377,27261,27144,27066,26988
mardin,derik,55278,55637,55996,56355,56895,57433,57792,58151
mardin,kiziltepe,183475,185375,187274,189174,192024,194873,196772,198672
mardin,mazidagi,27434,27897,28359,28822,29516,30210,30672,31135
mardin,merkez,108340,111162,113984,116806,121039,125272,128094,130916
mardin,midyat,128085,126329,124574,122818,120185,117551,115796,114040
mardin,nusaybin,103863,105438,107014,108589,110952,113315,114890,116465
mardin,omerli,14584,14693,14801,14910,15073,15236,15344,15453
mardin,savur,34402,34610,34818,35026,35338,35650,35858,36066
mardin,yesilli,22026,21509,20993,20476,19701,18926,18409,17892
mersin,anamur,83864,81362,78861,76359,72606,68854,66352,63850
mersin,aydincik,11501,11519,11538,11556,11583,11611,11629,11647
mersin,bozyazi,43835,41626,39417,37207,33894,30580,28370,26161
mersin,camliyayla,18964,18074,17184,16294,14959,13624,12734,11844
mersin,erdemli,142355,140404,138453,136501,133575,130648,128696,126745
mersin,gulnar,38292,37729,37165,36602,35757,34912,34348,33785
mersin,merkez,733660,745115,756570,768025,785207,802389,813844,825299
mersin,mut,74373,73371,72369,71367,69864,68360,67358,66356
mersin,silifke,156351,150769,145188,139606,131234,122861,117280,111698
mersin,tarsus,348205,344499,340792,337086,331526,325966,322260,318553
mugla,bodrum,97826,98782,99738,100694,102128,103562,104518,105474
mugla,dalaman,28148,28544,28941,29337,29931,30526,30922,31318
mugla,datca,13914,14029,14145,14260,14433,14606,14721,14836
mugla,fethiye,154209,156611,159013,161415,165019,168622,171024,173426
mugla,kavaklidere,12548,12374,12199,12025,11764,11502,11327,11153
mugla,koycegiz,29196,29596,29996,30396,30996,31595,31995,32395
mugla,marmaris,79302,78572,77842,77112,76017,74921,74191,73461
mugla,merkez,83511,84848,86185,87522,89528,91533,92870,94207
mugla,milas,112808,113771,114733,115696,117140,118583,119546,120508
mugla,ortaca,35670,36167,36665,37162,37908,38654,39151,39648
mugla,ula,21944,22133,22322,22511,22794,23077,23266,23455
mugla,yatagan,46252,46255,46258,46261,46265,46269,46272,46275
mus,bulanik,99819,97996,96172,94349,91614,88879,87055,85232
mus,haskoy,39915,38974,38033,37091,35680,34268,33326,32385
mus,korkut,32416,31622,30828,30034,28843,27652,26858,26064
mus,malazgirt,68990,67899,66808,65717,64082,62445,61354,60263
mus,merkez,171023,170642,170262,169881,169311,168739,168359,167978
mus,varto,41491,40503,39515,38527,37045,35563,34575,33587
nevsehir,acigol,24844,24469,24095,23720,23158,22596,22221,21846
nevsehir,avanos,43131,42130,41128,40127,38625,37123,36121,35120
nevsehir,derinkuyu,24631,24287,23943,23599,23084,22568,22224,21880
nevsehir,gulsehir,31664,30962,30261,29559,28507,27454,26753,26051
nevsehir,hacibektas,18933,18092,17251,16410,15149,13887,13046,12205
nevsehir,kozakli,23629,22721,21813,20905,19543,18180,17272,16364
nevsehir,merkez,105078,106092,107107,108121,109642,111164,112178,113192
nevsehir,urgup,38004,37429,36853,36278,35415,34551,33976,33400
nigde,altunhisar,22284,21564,20844,20123,19043,17963,17242,16522
nigde,bor,63020,62627,62233,61840,61250,60660,60266,59873
nigde,camardi,20302,19676,19050,18424,17485,16545,15919,15293
nigde,ciftlik,32151,31787,31422,31058,30512,29965,29600,29236
nigde,merkez,177396,178846,180297,181747,183923,186098,187549,188999
nigde,ulukisla,32928,31531,30135,28738,26643,24548,23151,21754
ordu,akkus,49799,47707,45614,43522,40383,37244,35152,33059
ordu,aybasti,31071,30512,29953,29394,28555,27716,27157,26598
ordu,camas,13650,13277,12904,12531,11973,11413,11040,10667
ordu,catalpinar,23192,22325,21459,20592,19293,17992,17126,16259
ordu,caybasi,15372,15339,15306,15273,15224,15174,15141,15108
ordu,fatsa,120774,117694,114614,111534,106915,102295,99215,96135
ordu,golkoy,66491,62635,58779,54923,49139,43354,39498,35642
ordu,gulyali,10566,10266,9966,9666,9216,8765,8465,8165
ordu,gurgentepe,36860,34765,32670,30574,27432,24289,22193,20098
ordu,ikizce,30362,28979,27597,26214,24141,22066,20684,19301
ordu,kabaduz,11049,10482,9915,9347,8497,7646,7078,6511
ordu,kabatas,20644,19862,19079,18297,17124,15950,15167,14385
ordu,korgan,41628,40644,39660,38676,37200,35723,34739,33755
ordu,kumru,44307,42891,41474,40058,37934,35809,34392,32976
ordu,merkez,150586,152741,154897,157052,160286,163518,165674,167829
ordu,mesudiye,28551,26498,24446,22393,19314,16235,14182,12129
ordu,persembe,37512,37105,36699,36292,35683,35072,34666,34259
ordu,ulubey,29227,28103,26979,25855,24169,22483,21359,20235
ordu,unye,126124,124396,122668,120939,118347,115755,114026,112298
osmaniye,bahce,26398,25745,25092,24439,23461,22481,21828,21175
osmaniye,duzici,83709,82698,81686,80675,79158,77640,76629,75617
osmaniye,hasanbeyli,7101,6896,6691,6486,6180,5872,5667,5462
osmaniye,kadirli,102417,103547,104677,105806,107501,109196,110325,111455
osmaniye,merkez,207862,208165,208468,208771,209225,209679,209982,210285
osmaniye,sumbas,16776,16659,16541,16424,16248,16072,15954,15837
osmaniye,toprakkale,14519,14335,14152,13968,13692,13417,13233,13049
rize,ardesen,58499,56002,53505,51008,47264,43518,41021,38524
rize,camlihemsin,8237,7960,7684,7407,6992,6577,6300,6023
rize,cayeli,51816,50603,49389,48176,46356,44536,43322,42109
rize,derepazari,10239,9916,9592,9269,8784,8298,7975,7651
rize,findikli,16740,16592,16444,16296,16074,15852,15704,15556
rize,guneysu,16522,16034,15546,15057,14325,13593,13104,12616
rize,hemsin,4435,4173,3912,3650,3258,2865,2604,2342
rize,ikizdere,10710,10126,9541,8957,8080,7203,6619,6034
rize,iyidere,10074,9898,9721,9545,9281,9016,8839,8663
rize,kalkandere,19131,18329,17526,16724,15521,14317,13514,12712
rize,merkez,127320,128062,128805,129547,130660,131774,132516,133258
rize,pazar,32215,32034,31852,31671,31399,31127,30945,30764
sakarya,akyazi,77536,78251,78966,79681,80753,81825,82540,83255
sakarya,ferizli,24383,24272,24160,24049,23882,23714,23603,23491
sakarya,geyve,44907,45034,45161,45288,45479,45669,45796,45923
sakarya,hendek,63703,65101,66500,67898,69996,72093,73492,74890
sakarya,karapurcek,11073,11220,11367,11514,11736,11956,12103,12250
sakarya,karasu,54630,54251,53872,53492,52924,52355,51975,51596
sakarya,kaynarca,24339,24217,24096,23974,23792,23609,23488,23366
sakarya,kocaali,30676,29907,29137,28368,27214,26060,25290,24521
sakarya,merkez,340825,349846,358867,367888,381421,394952,403973,412994
sakarya,pamukova,24072,24284,24496,24708,25026,25343,25555,25767
sakarya,sapanca,36496,36378,36260,36142,35965,35787,35669,35551
sakarya,sogutlu,14316,14291,14266,14241,14203,14165,14140,14115
sakarya,tarakli,9212,8998,8785,8571,8251,7930,7717,7503
samsun,42143,25820,25685,25550,25415,25213,25010,24875,24740
samsun,alacam,37490,36762,36035,35307,34216,33124,32397,31669
samsun,asarcik,18267,18385,18502,18620,18796,18972,19090,19207
samsun,ayvacik,24275,24549,24823,25096,25507,25918,26191,26465
samsun,bafra,157010,155269,153529,151788,149177,146566,144825,143084
samsun,carsamba,131194,131838,132481,133125,134091,135056,135699,136343
samsun,havza,53512,52900,52288,51676,50758,49839,49227,48615
samsun,kavak,27371,26681,25992,25302,24268,23233,22544,21854
samsun,ladik,22041,21585,21129,20673,19990,19306,18850,18394
samsun,merkez,437189,444582,451975,459368,470459,481548,488941,496334
samsun,salipazari,25113,24597,24081,23565,22792,22018,21502,20986
samsun,tekkekoy,50476,50297,50119,49940,49672,49404,49225,49046
samsun,terme,82608,81636,80664,79692,78235,76777,75805,74833
samsun,vezirkopru,106139,106355,106571,106787,107112,107436,107652,107868
samsun,yakakent,10632,10493,10354,10215,10008,9799,9660,9521
sanliurfa,akcakale,77261,86662,96063,105464,119566,133667,143068,152469
sanliurfa,birecik,74671,74937,75203,75469,75869,76268,76534,76800
sanliurfa,bozova,65842,68027,70211,72396,75673,78950,81134,83319
sanliurfa,ceylanpinar,67817,66609,65400,64192,62380,60567,59358,58150
sanliurfa,halfeti,34402,38798,43194,47590,54185,60779,65175,69571
sanliurfa,harran,56258,54326,52394,50461,47563,44665,42732,40800
sanliurfa,hilvan,38411,40951,43492,46032,49843,53653,56194,58734
sanliurfa,merkez,534706,472954,411202,349450,256822,164194,102442,40690
sanliurfa,siverek,224102,275856,327609,379363,456994,534624,586377,638131
sanliurfa,suruc,82247,97187,112127,127067,149478,171888,186828,201768
sanliurfa,viransehir,187705,177075,166446,155816,139871,123927,113297,102667
siirt,aydinlar,5054,7992,10931,13869,18277,22684,25623,28561
siirt,baykan,31500,29993,28487,26980,24721,22460,20954,19447
siirt,eruh,15455,20408,25360,30313,37742,45171,50123,55076
siirt,kurtalan,53521,62816,72111,81406,95349,109291,118586,127881
siirt,merkez,107313,97979,88645,79311,65311,51310,41976,32642
siirt,pervari,28834,28237,27639,27042,26146,25249,24652,24054
siirt,sirvan,21999,19733,17466,15200,11800,8400,6134,3867
sinop,ayancik,26047,25635,25222,24810,24192,23573,23160,22748
sinop,boyabat,45193,44848,44503,44158,43641,43123,42778,42433
sinop,dikmen,9475,9170,8866,8561,8104,7647,7342,7037
sinop,duragan,28792,28050,27308,26565,25452,24339,23596,22854
sinop,erfelek,13812,13567,13321,13076,12708,12340,12094,11849
sinop,gerze,23295,22864,22433,22002,21356,20709,20278,19847
sinop,merkez,49839,50193,50546,50900,51430,51960,52314,52667
sinop,sarayduzu,8217,7779,7341,6903,6247,5590,5152,4714
sinop,turkeli,20904,20074,19244,18414,17169,15923,15093,14263
sirnak,beytussebap,20659,20570,20481,20392,20259,20125,20036,19947
sirnak,cizre,82042,84993,87944,90895,95323,99749,102700,105651
sirnak,guclukonak,10300,10257,10215,10172,10108,10044,10001,9958
sirnak,idil,59993,60948,61902,62857,64289,65721,66675,67630
sirnak,merkez,69853,70900,71948,72995,74566,76137,77184,78231
sirnak,silopi,75192,77879,80567,83254,87285,91316,94003,96690
sirnak,uludere,35158,35500,35842,36184,36697,37210,37552,37894
sivas,akincilar,8353,8040,7726,7413,6943,6472,6159,5845
sivas,altinyayla,15713,15067,14422,13776,12808,11839,11194,10548
sivas,divrigi,23313,22546,21779,21012,19861,18710,17943,17176
sivas,dogansar,6314,5943,5572,5201,4645,4088,3717,3346
sivas,gemerek,54692,51335,47978,44621,39585,34549,31192,27835
sivas,golova,6272,5896,5521,5145,4582,4018,3643,3267
sivas,gurun,26742,26123,25504,24884,23956,23027,22407,21788
sivas,hafik,19213,18001,16790,15578,13760,11943,10731,9519
sivas,imranli,13883,13089,12295,11501,10311,9120,8326,7532
sivas,kangal,37049,35904,34759,33613,31896,30178,29032,27887
sivas,koyulhisar,24934,23466,21998,20530,18328,16126,14658,13190
sivas,merkez,299935,304318,308702,313085,319661,326235,330619,335002
sivas,sarkisla,49318,48397,47476,46555,45174,43792,42871,41950
sivas,susehri,44731,42567,40402,38238,34991,31744,29580,27415
sivas,ulas,14972,14505,14038,13571,12872,12171,11704,11237
sivas,yildizeli,76232,73292,70352,67411,63001,58591,55650,52710
sivas,zara,33425,32024,30623,29222,27121,25019,23618,22217
tekirdag,cerkezkoy,82685,88815,94945,101074,110269,119464,125593,131723
tekirdag,corlu,179033,184809,190586,196362,205027,213691,219468,225244
tekirdag,hayrabolu,40130,39732,39333,38935,38337,37739,37341,36942
tekirdag,malkara,59125,58795,58465,58135,57640,57144,56814,56484
tekirdag,marmaraereglisi,19955,19582,19209,18836,18276,17716,17343,16970
tekirdag,merkez,142105,144484,146863,149242,152810,156378,158757,161136
tekirdag,muratli,26681,26591,26501,26411,26277,26142,26052,25962
tekirdag,saray,41217,41632,42048,42463,43087,43709,44125,44540
tekirdag,sarkoy,32660,32252,31844,31436,30824,30211,29803,29395
tokat,almus,43470,41662,39855,38047,35336,32624,30817,29009
tokat,artova,16246,15599,14953,14306,13337,12366,11720,11073
tokat,basciftlik,13321,12293,11264,10236,8693,7150,6122,5093
tokat,erbaa,100586,99970,99354,98738,97814,96890,96274,95658
tokat,merkez,174700,175520,176341,177161,178391,179622,180442,181262
tokat,niksar,90672,87456,84239,81023,76199,71374,68157,64941
tokat,pazar,20295,19678,19062,18445,17520,16595,15978,15361
tokat,resadiye,101900,94202,86505,78807,67261,55714,48017,40319
tokat,sulusaray,11202,11001,10800,10599,10299,9997,9796,9595
tokat,turhal,130985,125556,120127,114698,106555,98411,92982,87553
tokat,yesilyurt,14511,14187,13864,13540,13054,12569,12245,11921
tokat,zile,110139,104989,99839,94688,86963,79238,74087,68937
trabzon,akcaabat,120693,118916,117139,115361,112696,110030,108252,106475
trabzon,arakli,62139,60657,59176,57694,55471,53249,51767,50285
trabzon,arsin,35863,34475,33087,31699,29617,27534,26146,24758
trabzon,besikduzu,47331,44058,40786,37513,32604,27695,24422,21149
trabzon,carsibasi,17456,17301,17146,16991,16759,16526,16371,16216
trabzon,caykara,35435,32758,30081,27404,23388,19372,16695,14018
trabzon,dernekpazari,8127,7559,6991,6422,5570,4718,4149,3581
trabzon,duzkoy,24892,23799,22707,21614,19975,18336,17243,16150
trabzon,hayrat,21308,19662,18017,16371,13902,11434,9788,8142
trabzon,koprubasi,10827,10207,9587,8967,8037,7106,6486,5866
trabzon,macka,42557,40341,38126,35910,32587,29263,27048,24832
trabzon,merkez,283233,284393,285553,286713,288453,290193,291353,292513
trabzon,of,78560,74152,69743,65335,58723,52110,47701,43293
trabzon,salpazari,23390,22028,20665,19303,17259,15215,13853,12490
trabzon,surmene,42256,40488,38721,36953,34302,31650,29883,28115
trabzon,tonya,28107,26725,25343,23961,21889,19816,18434,17052
trabzon,vakfikebir,53227,49893,46558,43224,38222,33220,29886,26551
trabzon,yomra,39736,38404,37073,35741,33744,31746,30415,29083
tunceli,cemisgezek,9773,9578,9382,9187,8894,8601,8405,8210
tunceli,hozat,9143,8978,8813,8648,8401,8153,7988,7823
tunceli,mazgirt,12957,12595,12233,11870,11327,10784,10421,10059
tunceli,merkez,30323,30426,30529,30632,30787,30941,31044,31147
tunceli,nazimiye,5604,5450,5297,5143,4912,4682,4528,4374
tunceli,ovacik,8522,8357,8192,8026,7779,7531,7365,7200
tunceli,pertek,13199,13033,12867,12700,12451,12202,12035,11869
tunceli,pulumur,4063,3973,3882,3792,3657,3521,3430,3340
usak,banaz,43350,42756,42161,41567,40675,39783,39189,38594
usak,esme,38869,38602,38335,38068,37667,37266,36999,36732
usak,karahalli,14423,14197,13971,13745,13406,13066,12840,12614
usak,merkez,179458,183155,186852,190549,196094,201639,205336,209033
usak,sivasli,26196,25650,25104,24558,23739,22919,22373,21827
usak,ulubey,20017,19429,18842,18254,17372,16491,15903,15315
van,bahcesaray,16795,16950,17105,17259,17492,17724,17878,18033
van,baskale,55563,56508,57453,58398,59816,61233,62178,63123
van,caldiran,56485,57407,58330,59252,60636,62019,62942,63864
van,catak,23816,23858,23900,23942,24005,24068,24110,24152
van,edremit,18005,18783,19561,20339,21506,22672,23450,24228
van,ercis,147421,148019,148616,149214,150110,151006,151604,152201
van,gevas,29557,29585,29614,29642,29684,29727,29755,29783
van,gurpinar,37226,37901,38577,39252,40266,41278,41954,42629
van,merkez,356494,363671,370847,378024,388789,399554,406730,413907
van,muradiye,54692,54273,53853,53434,52805,52175,51756,51336
van,ozalp,59892,61448,63005,64561,66896,69230,70787,72343
van,saray,21578,21890,22202,22513,22981,23449,23760,24072
yalova,altinova,22801,22565,22330,22094,21741,21387,21152,20916
yalova,armutlu,7858,7777,7696,7615,7494,7372,7291,7210
yalova,ciftlikkoy,24789,24696,24603,24510,24372,24232,24139,24046
yalova,cinarcik,21650,21704,21759,21813,21895,21976,22031,22085
yalova,merkez,86091,88189,90286,92384,95530,98676,100774,102871
yalova,termal,5404,5307,5211,5114,4969,4824,4727,4630
yozgat,akdagmadeni,61373,60518,59662,58807,57524,56241,55385,54530
yozgat,aydincik,25955,24288,22621,20954,18453,15952,14285,12618
yozgat,bogazliyan,67184,63182,59181,55179,49176,43174,39172,35170
yozgat,candir,19037,17318,15599,13880,11301,8722,7003,5284
yozgat,cayiralan,32880,31527,30173,28820,26790,24760,23406,22053
yozgat,cekerek,40689,39411,38133,36854,34937,33020,31741,30463
yozgat,kadisehri,23317,22649,21982,21314,20313,19311,18644,17976
yozgat,merkez,113614,111322,109029,106737,103299,99860,97567,95275
yozgat,saraykent,26077,25268,24460,23651,22438,21225,20416,19607
yozgat,sarikaya,58026,56539,55052,53565,51336,49105,47618,46131
yozgat,sefaatli,30013,28751,27489,26226,24333,22440,21177,19915
yozgat,sorgun,120262,115721,111179,106638,99826,93014,88472,83931
yozgat,yenifakili,15603,14522,13441,12360,10739,9117,8036,6955
yozgat,yerkoy,48889,48055,47222,46388,45137,43887,43053,42219
zonguldak,alapli,44578,44802,45027,45251,45587,45924,46148,46372
zonguldak,caycuma,100685,100206,99726,99247,98528,97809,97329,96850
zonguldak,devrek,66518,66052,65586,65120,64421,63722,63256,62790
zonguldak,eregli,159808,161128,162449,163769,165750,167730,169051,170371
zonguldak,gokcebey,25588,25338,25087,24837,24462,24086,23835,23585
zonguldak,merkez,218422,218110,217797,217485,217016,216547,216235,215922